URL,Status Code,Indexability,Canonical,H1,Title,Meta Description,Word Count,Primary Intent,Primary Keyword,Secondary Keywords,Entity,Entity Type,Parent Entity,Content Type,Search Value,Commercial Value,Information Gain,EEAT,AIO Readiness,Internal Links,External Sources,Last Updated,Recommendation
https://dinweysbattery.com/,200,Index,self-canonical,DINWEY OEM Factory | Truck & Heavy-Duty Starting Batteries,Comprehensive Truck Battery OEM home,Commercial,Medium,Medium,Medium,High,High,High,9,3,2026-09-05,KEEP
https://dinweysbattery.com/products/jis-heavy-duty/,200,Index,self-canonical,JIS Heavy-Duty Batteries,Product page JIS N150/N200,Commercial,JIS truck battery,N150 N200 145G51 190H52,JIS N150,JIS N200,Battery Standard,Product page,High,High,Medium,High,High,High,4,2,2026-09-05,KEEP
https://dinweysbattery.com/products/din-heavy-duty/,200,Index,self-canonical,DIN Heavy-Duty Batteries,Product page DIN88/DIN100,Commercial,DIN truck battery,DIN88 DIN100 58827 60038,DIN88,DIN100,Battery Standard,Product page,High,High,Medium,High,High,High,4,2,2026-09-05,KEEP
https://dinweysbattery.com/products/bci-request/,200,Index,self-canonical,BCI Group 31/8D (on request),Product page BCI made-to-order,Commercial,BCI truck battery,Group 31 Group 8D,BCI Battery,Battery Standard,Product page,Medium,Medium,Low,High,High,Medium,3,1,2026-09-05,KEEP
https://dinweysbattery.com/products/24v/,200,Index,self-canonical,24V Systems,Product page 24V series,Commercial,24V truck battery,series wiring dual battery,24V System,System Configuration,Product page,High,High,Medium,High,High,Medium,4,1,2026-09-05,KEEP
https://dinweysbattery.com/products/fleet/,200,Index,self-canonical,EFB & AGM / Fleet Programs,Product page fleet + AGM/EFB,Commercial,fleet battery,AGM EFB fleet bulk,Fleet,Fleet,Battery Technology,Product page,High,High,Medium,High,High,Medium,4,1,2026-09-05,EXPAND
https://dinweysbattery.com/selection-tool/,200,Index,self-canonical,Battery Selection Tool,Tool static matrix,Tool,transient intent,truck battery finder,Selection Tool,DINWEY,Tool,High,High,High,Medium,Low,High,2,0,2026-09-05,EXPAND
https://dinweysbattery.com/about/,200,Index,self-canonical,About DINWEY,Company profile,Informational,about DINWEY,manufacturer factory,JIS DIN,Company,Organization,About page,Medium,Medium,Low,High,High,Medium,3,1,2026-09-05,EXPAND
https://dinweysbattery.com/contact/,200,Index,self-canonical,Contact DINWEY,Contact,Commercial,contact DINWEY,RFQ OEM quote,Contact,Organization,Contact page,Medium,High,Low,High,High,Low,2,0,2026-09-05,KEEP
https://dinweysbattery.com/applications/bus-coach/,200,Index,self-canonical,Bus & Coach Batteries,Application page,Informational,bus coach battery,deep cycling thick plate,Bus,Vehicle Class,Application page,Medium,Medium,Medium,High,High,Medium,2,1,2026-09-05,KEEP
https://dinweysbattery.com/applications/cold-chain-refrigerated/,200,Index,self-canonical,Cold Chain & Refrigerated,Application page,Informational,cold chain battery,refrigerated trailer,Cold Chain,Application,Application page,Medium,Medium,Medium,High,High,Medium,2,1,2026-09-05,KEEP
https://dinweysbattery.com/applications/diesel-generator/,200,Index,self-canonical,Diesel Generator Batteries,Application page,Informational,diesel generator battery,starting genset,Diesel Generator,Application,Application page,Medium,Medium,Medium,High,High,Medium,2,1,2026-09-05,KEEP
https://dinweysbattery.com/applications/mining-off-highway/,200,Index,self-canonical,Mining & Off-Highway,Application page,Informational,mining battery,off-highway haul truck,Mining,Application,Application page,Medium,Medium,Medium,High,High,Medium,2,1,2026-09-05,KEEP
https://dinweysbattery.com/markets/africa/,200,Index,self-canonical,Africa Market,Market page,Informational,Africa truck battery,JIS N-series,Africa,Market,Market page,Medium,Medium,Low,High,High,Low,1,0,2026-09-05,EXPAND
https://dinweysbattery.com/markets/latin-america/,200,Index,self-canonical,Latin America Market,Market page,Informational,Latin America truck battery,BCI,South America,Market,Market page,Medium,Medium,Low,High,High,Low,1,0,2026-09-05,EXPAND
https://dinweysbattery.com/markets/middle-east/,200,Index,self-canonical,Middle East Market,Market page,Informational,Middle East truck battery,JIS DIN,Middle East,Market,Market page,Medium,Medium,Low,High,High,Low,1,0,2026-09-05,EXPAND
https://dinweysbattery.com/markets/southeast-asia/,200,Index,self-canonical,Southeast Asia Market,Market page,Informational,Southeast Asia truck battery,JIS,Southeast Asia,Market,Market page,Medium,Medium,Low,High,High,Low,1,0,2026-09-05,EXPAND
https://dinweysbattery.com/privacy-policy/,200,Index,self-canonical,Privacy Policy,Legal,Legal,,Privacy Policy,Legal,Legal page,Low,Low,Low,Medium,Low,Low,0,0,2026-09-05,KEEP
https://dinweysbattery.com/terms-and-conditions/,200,Index,self-canonical,Terms and Conditions,Legal,Legal,,Terms,Legal,Legal page,Low,Low,Low,Medium,Low,Low,0,0,2026-09-05,KEEP
https://docs.dinweysbattery.com/,200,Index,self-canonical,DINWEY Battery Knowledge Hub,KB home,Informational,battery knowledge hub,technical documentation,Knowledge Hub,DINWEY,Hub page,High,Medium,Medium,High,High,High,20,2,2026-09-05,KEEP
https://docs.dinweysbattery.com/complete-guide/,200,Index,self-canonical,Truck Battery Complete Guide,Pillar hub fundamentals,Informational,truck battery guide,CCA Ah RC,CCA,RC,Ah,DefinedTerm,Pillar,High,Medium,High,High,High,High,11,3,2026-09-05,KEEP
https://docs.dinweysbattery.com/what-is-cca/,200,Index,self-canonical,What Is CCA,Guide CCA,Informational,what is CCA,cold cranking amps,CCA,DefinedTerm,Pillar,High,Medium,High,High,High,High,6,2,2026-09-05,KEEP
https://docs.dinweysbattery.com/jis-vs-din-vs-bci/,200,Index,self-canonical,JIS vs DIN vs BCI,Guide standards,Informational,JIS DIN BCI,battery standards,JIS,DIN,BCI,Standard,Pillar,High,Medium,High,High,High,High,8,2,2026-09-05,KEEP
https://docs.dinweysbattery.com/selection-guide/,200,Index,self-canonical,Truck Battery Selection Guide,Pillar selection,Informational,battery selection,group size CCA,Selection,DefinedTerm,Pillar,High,High,High,High,High,High,7,2,2026-09-05,KEEP
https://docs.dinweysbattery.com/how-to-maintain-truck-battery/,200,Index,self-canonical,How to Maintain a Truck Battery,Pillar maintenance,Informational,battery maintenance,extend life,Maintenance,Battery,Pillar,High,Medium,High,High,High,High,8,2,2026-09-05,KEEP
https://docs.dinweysbattery.com/fleet-battery-management/,200,Index,self-canonical,Fleet Battery Management,Pillar fleet,Informational,fleet battery,management,Fleet,Application,Pillar,High,High,High,High,High,High,7,2,2026-09-05,KEEP
https://docs.dinweysbattery.com/12v-vs-24v/,200,Index,self-canonical,12V vs 24V Truck Electrical Systems,,"12V vs 24V truck electrical systems — why light trucks use 12V and heavy trucks use 24V, how series wiring works, and how to choose batteries for each.",,Informational,,,Battery,Guide,DINWEY,Knowledge guide,Medium,Medium,Medium,High,High,High,,2026-09-05,KEEP
https://docs.dinweysbattery.com/24v-wiring-guide/,200,Index,self-canonical,24V Truck Battery Wiring Guide,,"24V truck battery wiring guide — wiring two 12V batteries in series for 24V, correct terminal connections, cable sizing and wiring mistakes to avoid.",,Informational,,,Battery,Guide,DINWEY,Knowledge guide,Medium,Medium,Medium,High,High,High,,2026-09-05,KEEP
https://docs.dinweysbattery.com/7-signs-dying-battery/,200,Index,self-canonical,7 Signs Your Truck Battery Is Dying,,"7 signs your truck battery is dying — slow cranking, dim lights, frequent jump-starts, swollen case, sulfur smell, age and corrosion, and what to do next.",,Informational,,,Battery,Guide,DINWEY,Knowledge guide,Medium,Medium,Medium,High,High,High,,2026-09-05,KEEP
https://docs.dinweysbattery.com/about/,200,Index,self-canonical,About This Knowledge Hub,,"About the DINWEY Knowledge Hub — official truck & heavy-duty battery technical documentation, editorial standards, and how to contact the DINWEY OEM factory.",,Informational,,,Battery,Guide,DINWEY,Knowledge guide,Medium,Medium,Medium,High,High,High,,2026-09-05,KEEP
https://docs.dinweysbattery.com/agm-vs-flooded/,200,Index,self-canonical,AGM vs Flooded for Heavy-Duty Trucks,,"AGM vs flooded battery for heavy-duty trucks — absorbent glass mat vs flooded lead-acid on vibration, cold starts, cycle life, charge acceptance and cost.",,Informational,,,Battery,Guide,DINWEY,Knowledge guide,Medium,Medium,Medium,High,High,High,,2026-09-05,KEEP
https://docs.dinweysbattery.com/battery-charging-guide/,200,Index,self-canonical,Truck Battery Charging Guide,,"Truck battery charging guide — correct charging voltage by battery type, the three-stage charge profile and the two silent killers of battery life.",,Informational,,,Battery,Guide,DINWEY,Knowledge guide,Medium,Medium,Medium,High,High,High,,2026-09-05,KEEP
https://docs.dinweysbattery.com/battery-isolators-auxiliary/,200,Index,self-canonical,Battery Isolators & Auxiliary Systems for Trucks,,"Battery isolators and DC-DC chargers for trucks — running an auxiliary bank for sleeper-cab, reefer and lift-gate loads without draining starting batteries.",,Informational,,,Battery,Guide,DINWEY,Knowledge guide,Medium,Medium,Medium,High,High,High,,2026-09-05,KEEP
https://docs.dinweysbattery.com/battery-recycling-disposal/,200,Index,self-canonical,Truck Battery Recycling & Disposal,,Truck battery recycling and disposal — why lead-acid is the world's most recycled product and how to recycle a truck battery safely.,,Informational,,,Battery,Guide,DINWEY,Knowledge guide,Medium,Medium,Medium,High,High,High,,2026-09-05,KEEP
https://docs.dinweysbattery.com/battery-shipping-transport/,200,Index,self-canonical,Truck Battery Shipping & Transport Rules,,"Truck battery shipping and transport rules — UN2794 vs UN2800 dangerous goods classification, IMDG sea freight requirements, and export documentation.",,Informational,,,Battery,Guide,DINWEY,Knowledge guide,Medium,Medium,Medium,High,High,High,,2026-09-05,KEEP
https://docs.dinweysbattery.com/bci-group-sizes/,200,Index,self-canonical,BCI Group Sizes Explained,,"BCI battery group sizes explained — Group 31 vs 8D vs 4D physical dimensions, terminal layout, and why group size is about fit, not starting power.",,Informational,,,Battery,Guide,DINWEY,Knowledge guide,Medium,Medium,Medium,High,High,High,,2026-09-05,KEEP
https://docs.dinweysbattery.com/brands-compared/,200,Index,self-canonical,Truck Battery Brands Compared,,"Compare truck battery brands on objective criteria — verified specs, certifications, batch documentation and manufacturing consistency, not marketing.",,Informational,,,Battery,Guide,DINWEY,Knowledge guide,Medium,Medium,Medium,High,High,High,,2026-09-05,KEEP
https://docs.dinweysbattery.com/buying-guide/,200,Index,self-canonical,Heavy-Duty Truck Battery Buying Guide,,"Heavy-duty truck battery buying guide — matching group size, CCA, voltage and terminal orientation to choose the right technology and supplier.",,Informational,,,Battery,Guide,DINWEY,Knowledge guide,Medium,Medium,Medium,High,High,High,,2026-09-05,KEEP
https://docs.dinweysbattery.com/calcium-vs-antimony/,200,Index,self-canonical,Calcium vs Antimony Lead-Acid for Trucks,,"Calcium vs antimony lead-acid grid alloys — why Pb-Sb thick-plate grids suit heavy-duty trucks and Ca-Ca suits conventional SLI, compared.",,Informational,,,Battery,Guide,DINWEY,Knowledge guide,Medium,Medium,Medium,High,High,High,,2026-09-05,KEEP
https://docs.dinweysbattery.com/cca-by-truck-class/,200,Index,self-canonical,CCA Requirements by Truck Class,,"CCA requirements by truck class — light, medium and heavy truck cold-cranking amp ranges by class, fuel type and climate, with DINWEY cross-reference.",,Informational,,,Battery,Guide,DINWEY,Knowledge guide,Medium,Medium,Medium,High,High,High,,2026-09-05,KEEP
https://docs.dinweysbattery.com/cca-safety-margin/,200,Index,self-canonical,Cold-Weather CCA Derating & Safety Margin,,Cold-weather CCA derating explained — how temperature reduces battery cranking power and how much CCA safety margin you should specify by climate.,,Informational,,,Battery,Guide,DINWEY,Knowledge guide,Medium,Medium,Medium,High,High,High,,2026-09-05,KEEP
https://docs.dinweysbattery.com/cca-vs-reserve-capacity/,200,Index,self-canonical,CCA vs Reserve Capacity: A Dual-Metric Guide for Fleets,,"CCA vs Reserve Capacity for heavy-duty fleets — burst starting power vs sustained runtime, and a dual-metric DINWEY range profile to match duty cycle.",,Informational,,,Battery,Guide,DINWEY,Knowledge guide,Medium,Medium,Medium,High,High,High,,2026-09-05,KEEP
https://docs.dinweysbattery.com/china-gb-vs-jis/,200,Index,self-canonical,China GB Battery Codes vs JIS: What Importers Need to Know,,"China GB battery codes vs JIS — how Chinese national standard 6-QW model numbers map to JIS N150/N200, and what buyers importing from China need to know.",,Informational,,,Battery,Guide,DINWEY,Knowledge guide,Medium,Medium,Medium,High,High,High,,2026-09-05,KEEP
https://docs.dinweysbattery.com/cold-chain-refrigerated/,200,Index,self-canonical,Batteries for Cold-Chain & Refrigerated Transport,,Battery selection for cold-chain and refrigerated trucks — why reefers need a starting battery plus a separate deep-cycle auxiliary bank.,,Informational,,,Battery,Guide,DINWEY,Knowledge guide,Medium,Medium,Medium,High,High,High,,2026-09-05,KEEP
https://docs.dinweysbattery.com/cold-climate-arctic/,200,Index,self-canonical,Cold-Climate & Arctic Truck Batteries,,"Cold-climate and arctic truck batteries — why cold cuts battery output when the engine needs more power, and how to pick CCA for winter starts.",,Informational,,,Battery,Guide,DINWEY,Knowledge guide,Medium,Medium,Medium,High,High,High,,2026-09-05,KEEP
https://docs.dinweysbattery.com/diesel-generator/,200,Index,self-canonical,Batteries for Diesel Generators,,Battery selection for diesel generators — how generator starting batteries differ from vehicle batteries and the standby sulfation problem.,,Informational,,,Battery,Guide,DINWEY,Knowledge guide,Medium,Medium,Medium,High,High,High,,2026-09-05,KEEP
https://docs.dinweysbattery.com/din88-vs-din100/,200,Index,self-canonical,DIN88 vs DIN100: European Heavy-Duty Battery Comparison,,"DIN88 vs DIN100 truck battery comparison — 58827 (DIN88) and 60038 (DIN100) specs, dimensions, EN cold-cranking amps and capacity for European trucks.",,Informational,,,Battery,Guide,DINWEY,Knowledge guide,Medium,Medium,Medium,High,High,High,,2026-09-05,KEEP
https://docs.dinweysbattery.com/how-long-does-a-truck-battery-last/,200,Index,self-canonical,How Long Does a Truck Battery Last?,,"How long does a truck battery last? Typical 3–5 year lifespan, the factors that shorten it (heat, vibration, deep discharge) and how to extend it.",,Informational,,,Battery,Guide,DINWEY,Knowledge guide,Medium,Medium,Medium,High,High,High,,2026-09-05,KEEP
https://docs.dinweysbattery.com/how-to-read-datasheet/,200,Index,self-canonical,How to Read a Truck Battery Datasheet,,"How to read a truck battery datasheet — decode voltage, Ah, CCA, CA, reserve capacity, dimensions, terminal type and polarity to avoid a wrong purchase.",,Informational,,,Battery,Guide,DINWEY,Knowledge guide,Medium,Medium,Medium,High,High,High,,2026-09-05,KEEP
https://docs.dinweysbattery.com/how-to-test-battery/,200,Index,self-canonical,How to Test a Truck Battery,,"How to test a truck battery — resting voltage, charging voltage and load test explained, with pass/fail interpretation for 12V and 24V systems.",,Informational,,,Battery,Guide,DINWEY,Knowledge guide,Medium,Medium,Medium,High,High,High,,2026-09-05,KEEP
https://docs.dinweysbattery.com/jis-din-model-numbers/,200,Index,self-canonical,Decoding JIS & DIN Battery Model Numbers,,"Decoding JIS and DIN battery model numbers — what 145G51, 190H52, 58827 and 60038 mean and how the numbering systems work.",,Informational,,,Battery,Guide,DINWEY,Knowledge guide,Medium,Medium,Medium,High,High,High,,2026-09-05,KEEP
https://docs.dinweysbattery.com/jis-n150-vs-n200/,200,Index,self-canonical,JIS N150 vs N200: Which Heavy-Duty Truck Battery?,,"JIS N150 vs N200 truck battery comparison — 145G51 (N150) and 190H52 (N200) specs, dimensions, CCA and capacity for heavy-duty trucks.",,Informational,,,Battery,Guide,DINWEY,Knowledge guide,Medium,Medium,Medium,High,High,High,,2026-09-05,KEEP
https://docs.dinweysbattery.com/jis-vs-din-engineering/,200,Index,self-canonical,JIS vs DIN Battery Engineering: A Density Analysis,,JIS vs DIN battery engineering — why DIN packs more cold-cranking power per litre while JIS thick-plate batteries trade energy density for cycle life.,,Informational,,,Battery,Guide,DINWEY,Knowledge guide,Medium,Medium,Medium,High,High,High,,2026-09-05,KEEP
https://docs.dinweysbattery.com/jump-start-semi-truck/,200,Index,self-canonical,How Many Amps to Jump-Start a Semi Truck,,"How many amps to jump-start a semi truck — heavy-duty jumper cables, jump packs rated for large diesels, and safe 12V vs 24V jump-start procedure.",,Informational,,,Battery,Guide,DINWEY,Knowledge guide,Medium,Medium,Medium,High,High,High,,2026-09-05,KEEP
https://docs.dinweysbattery.com/long-haul-trucking/,200,Index,self-canonical,Batteries for Long-Haul Trucking Fleets,,"Battery selection for long-haul trucking fleets — why 24V systems, high CCA and vibration resistance matter for over-the-road trucks and uptime.",,Informational,,,Battery,Guide,DINWEY,Knowledge guide,Medium,Medium,Medium,High,High,High,,2026-09-05,KEEP
https://docs.dinweysbattery.com/mf-vs-serviceable-jis/,200,Index,self-canonical,Maintenance-Free (MF) vs Serviceable JIS Truck Batteries,,Maintenance-free (MF) vs serviceable JIS truck batteries — the calcium vs antimony design difference and what it means for heavy-truck buyers.,,Informational,,,Battery,Guide,DINWEY,Knowledge guide,Medium,Medium,Medium,High,High,High,,2026-09-05,KEEP
https://docs.dinweysbattery.com/mining-off-highway/,200,Index,self-canonical,Batteries for Mining & Off-Highway Equipment,,"Battery selection for mining and off-highway equipment — how extreme vibration, dust, temperature swings and deep cycling demand rugged heavy-duty batteries.",,Informational,,,Battery,Guide,DINWEY,Knowledge guide,Medium,Medium,Medium,High,High,High,,2026-09-05,KEEP
https://docs.dinweysbattery.com/oem-private-label/,200,Index,self-canonical,OEM & Private-Label Truck Battery Guide,,OEM and private-label truck battery programs — how distributors and fleets build their own battery brand and the process from sample to shipment.,,Informational,,,Battery,Guide,DINWEY,Knowledge guide,Medium,Medium,Medium,High,High,High,,2026-09-05,KEEP
https://docs.dinweysbattery.com/semi-trailer/,200,Index,self-canonical,Batteries for Semi-Trailers & Heavy Haulers,,"Battery selection for semi-trailers and heavy haulers — 24V systems, high CCA, series configuration, auxiliary loads and matched-pair replacement.",,Informational,,,Battery,Guide,DINWEY,Knowledge guide,Medium,Medium,Medium,High,High,High,,2026-09-05,KEEP
https://docs.dinweysbattery.com/starting-vs-deep-cycle/,200,Index,self-canonical,Starting vs Deep Cycle Battery for Trucks,,"Starting vs deep cycle batteries for trucks — why SLI batteries crank the engine and deep-cycle batteries run loads, and how to use both in the same vehicle.",,Informational,,,Battery,Guide,DINWEY,Knowledge guide,Medium,Medium,Medium,High,High,High,,2026-09-05,KEEP
https://docs.dinweysbattery.com/terminal-types-orientation/,200,Index,self-canonical,Truck Battery Terminal Types & Orientation,,"Truck battery terminal types and orientation — JIS A/D posts vs DIN conical T1 terminals, positive terminal position, and hold-down systems explained.",,Informational,,,Battery,Guide,DINWEY,Knowledge guide,Medium,Medium,Medium,High,High,High,,2026-09-05,KEEP
https://docs.dinweysbattery.com/warranty-guide/,200,Index,self-canonical,Truck Battery Warranty Guide,,"Truck battery warranty guide — what battery warranties cover, free replacement vs pro-rated, typical coverage periods, what voids a claim, and how to file one.",,Informational,,,Battery,Guide,DINWEY,Knowledge guide,Medium,Medium,Medium,High,High,High,,2026-09-05,KEEP
https://docs.dinweysbattery.com/what-is-efb/,200,Index,self-canonical,What Is an EFB Battery (for Commercial Vehicles)?,,"What is an EFB battery? Enhanced Flooded Battery for commercial vehicles — how EFB differs from flooded and AGM, charge acceptance and cycle life.",,Informational,,,Battery,Guide,DINWEY,Knowledge guide,Medium,Medium,Medium,High,High,High,,2026-09-05,KEEP
https://docs.dinweysbattery.com/what-is-reserve-capacity/,200,Index,self-canonical,What Is Reserve Capacity (RC)?,,"What is reserve capacity (RC) in a truck battery — the minutes it delivers 25A at 27°C, and how RC differs from CCA and Ah.",,Informational,,,Battery,Guide,DINWEY,Knowledge guide,Medium,Medium,Medium,High,High,High,,2026-09-05,KEEP
https://docs.dinweysbattery.com/why-diesel-batteries-fail-winter/,200,Index,self-canonical,Why Diesel Truck Batteries Fail in Winter,,"Why diesel truck batteries fail in winter — how cold reduces CCA, thickens engine oil and slows the chemical reaction, and how to prevent it.",,Informational,,,Battery,Guide,DINWEY,Knowledge guide,Medium,Medium,Medium,High,High,High,,2026-09-05,KEEP
